seed,experiment,family,representation,variant,classifier,status,train_seconds,predict_seconds,accuracy,macro_f1,mae,cil_score,quadratic_weighted_kappa,notes
44,tfidf_word__word_1_3__logreg,tfidf_word,"word n-grams=(1, 3)",word_1_3,logreg,ok,50.85306229200796,0.0312658680195454,0.5983333333333334,0.5956927873323254,0.4990476190476191,0.8752380952380953,0.8170476153517793,"feature_seconds=69.57; train_shape=(226800, 250000); val_shape=(25200, 250000); train_nnz=13030807"
42,tfidf_word__word_1_3__logreg,tfidf_word,"word n-grams=(1, 3)",word_1_3,logreg,ok,42.30695379598183,0.0238555789983365,0.5955952380952381,0.5928391786405746,0.5013888888888889,0.8746527777777777,0.8167587922672578,"feature_seconds=60.99; train_shape=(226800, 250000); val_shape=(25200, 250000); train_nnz=13026421"
43,tfidf_word__word_1_3__logreg,tfidf_word,"word n-grams=(1, 3)",word_1_3,logreg,ok,41.53527062298963,0.0214151229884009,0.5903571428571428,0.5859864947387582,0.5146428571428572,0.8713392857142856,0.810655588632252,"feature_seconds=58.49; train_shape=(226800, 250000); val_shape=(25200, 250000); train_nnz=13039425"
42,tfidf_char__char_wb_3_6__logreg,tfidf_char,"char_wb n-grams=(3, 6)",char_wb_3_6,logreg,ok,159.85411158498027,0.0938579680223483,0.5838492063492063,0.5803989082158825,0.5228968253968254,0.8692757936507937,0.8059580308727298,"feature_seconds=86.26; train_shape=(226800, 250000); val_shape=(25200, 250000); train_nnz=91814298"
44,tfidf_char__char_wb_3_6__logreg,tfidf_char,"char_wb n-grams=(3, 6)",char_wb_3_6,logreg,ok,162.6424353249895,0.0797663980047218,0.5804761904761905,0.5779987479244246,0.5276190476190477,0.868095238095238,0.8032044177409633,"feature_seconds=95.39; train_shape=(226800, 250000); val_shape=(25200, 250000); train_nnz=91889611"
43,tfidf_char__char_wb_3_6__logreg,tfidf_char,"char_wb n-grams=(3, 6)",char_wb_3_6,logreg,ok,165.47671839001123,0.0902463170059491,0.5819444444444445,0.5775392662485687,0.5291269841269841,0.867718253968254,0.8036026012392334,"feature_seconds=89.28; train_shape=(226800, 250000); val_shape=(25200, 250000); train_nnz=91927628"
42,bow__word_1_3__logreg,bow,"word n-grams=(1, 3)",word_1_3,logreg,ok,41.527944753004704,0.0204935529909562,0.568968253968254,0.5682507818824234,0.5296825396825396,0.8675793650793651,0.8082878049742609,"feature_seconds=58.76; train_shape=(226800, 250000); val_shape=(25200, 250000); train_nnz=13026421"
44,bow__word_1_3__logreg,bow,"word n-grams=(1, 3)",word_1_3,logreg,ok,47.4636229769967,0.0228787550004199,0.5707539682539683,0.5680875047927516,0.5355952380952381,0.8661011904761905,0.8043987215729704,"feature_seconds=62.02; train_shape=(226800, 250000); val_shape=(25200, 250000); train_nnz=13030807"
43,bow__word_1_3__logreg,bow,"word n-grams=(1, 3)",word_1_3,logreg,ok,43.078769284999,0.0220419550023507,0.5677777777777778,0.5640896439727134,0.5388888888888889,0.8652777777777778,0.803760372942337,"feature_seconds=61.26; train_shape=(226800, 250000); val_shape=(25200, 250000); train_nnz=13039425"
42,tfidf_word__word_1_3__ridge_classifier,tfidf_word,"word n-grams=(1, 3)",word_1_3,ridge_classifier,ok,46.28317249199608,0.0251925360062159,0.5687698412698413,0.5630565728352513,0.5467063492063492,0.8633234126984127,0.7995433572753651,"feature_seconds=60.99; train_shape=(226800, 250000); val_shape=(25200, 250000); train_nnz=13026421"
44,tfidf_word__word_1_3__ridge_classifier,tfidf_word,"word n-grams=(1, 3)",word_1_3,ridge_classifier,ok,47.55481025698828,0.0210841770167462,0.5677380952380953,0.5620763958386078,0.5471428571428572,0.8632142857142857,0.7994252982930218,"feature_seconds=69.57; train_shape=(226800, 250000); val_shape=(25200, 250000); train_nnz=13030807"
43,tfidf_word__word_1_3__ridge_classifier,tfidf_word,"word n-grams=(1, 3)",word_1_3,ridge_classifier,ok,46.49803712000721,0.0184894109843298,0.5652777777777778,0.5589785781329277,0.5511111111111111,0.8622222222222222,0.7982436131386862,"feature_seconds=58.49; train_shape=(226800, 250000); val_shape=(25200, 250000); train_nnz=13039425"
42,tfidf_word__word_1_3__linear_svm,tfidf_word,"word n-grams=(1, 3)",word_1_3,linear_svm,ok,19.950491355004488,0.0176906770211644,0.5617063492063492,0.557980409159938,0.555,0.86125,0.7945136772252016,"feature_seconds=60.99; train_shape=(226800, 250000); val_shape=(25200, 250000); train_nnz=13026421"
44,tfidf_word__word_1_3__linear_svm,tfidf_word,"word n-grams=(1, 3)",word_1_3,linear_svm,ok,22.425377213017786,0.0172844800108578,0.559484126984127,0.5557949604182431,0.5563888888888889,0.8609027777777778,0.7944427816986397,"feature_seconds=69.57; train_shape=(226800, 250000); val_shape=(25200, 250000); train_nnz=13030807"
43,tfidf_word__word_1_3__linear_svm,tfidf_word,"word n-grams=(1, 3)",word_1_3,linear_svm,ok,20.962686881015543,0.014962582004955,0.558015873015873,0.5537090241323711,0.5611904761904762,0.8597023809523809,0.7917260506143831,"feature_seconds=58.49; train_shape=(226800, 250000); val_shape=(25200, 250000); train_nnz=13039425"
42,tfidf_word__word_1_3__complement_nb,tfidf_word,"word n-grams=(1, 3)",word_1_3,complement_nb,ok,0.1932004520203918,0.0163373399991542,0.571031746031746,0.5537839433330844,0.566468253968254,0.8583829365079365,0.7932853887149838,"feature_seconds=60.99; train_shape=(226800, 250000); val_shape=(25200, 250000); train_nnz=13026421"
44,tfidf_word__word_1_3__complement_nb,tfidf_word,"word n-grams=(1, 3)",word_1_3,complement_nb,ok,0.2200182499946095,0.0194517170020844,0.5721428571428572,0.5548827027867043,0.5676587301587301,0.8580853174603175,0.7919874549272191,"feature_seconds=69.57; train_shape=(226800, 250000); val_shape=(25200, 250000); train_nnz=13030807"
42,tfidf_char__char_wb_3_6__ridge_classifier,tfidf_char,"char_wb n-grams=(3, 6)",char_wb_3_6,ridge_classifier,ok,401.690972951008,0.0894325219851452,0.5608333333333333,0.5525497939885808,0.5688888888888889,0.8577777777777778,0.7881971149336885,"feature_seconds=86.26; train_shape=(226800, 250000); val_shape=(25200, 250000); train_nnz=91814298"
44,tfidf_char__char_wb_3_6__ridge_classifier,tfidf_char,"char_wb n-grams=(3, 6)",char_wb_3_6,ridge_classifier,ok,416.4702510830248,0.1080327300005592,0.5638095238095238,0.5557409246140945,0.5695634920634921,0.857609126984127,0.7847010336378231,"feature_seconds=95.39; train_shape=(226800, 250000); val_shape=(25200, 250000); train_nnz=91889611"
43,tfidf_char__char_wb_3_6__ridge_classifier,tfidf_char,"char_wb n-grams=(3, 6)",char_wb_3_6,ridge_classifier,ok,412.5497406570066,0.0857787590066436,0.5611111111111111,0.5527250405417043,0.5706746031746032,0.8573313492063492,0.7865503937820916,"feature_seconds=89.28; train_shape=(226800, 250000); val_shape=(25200, 250000); train_nnz=91927628"
44,tfidf_char__char_wb_3_6__linear_svm,tfidf_char,"char_wb n-grams=(3, 6)",char_wb_3_6,linear_svm,ok,95.4147671610117,0.0872304940130561,0.558968253968254,0.5532476545919947,0.5712698412698413,0.8571825396825397,0.7837889359106333,"feature_seconds=95.39; train_shape=(226800, 250000); val_shape=(25200, 250000); train_nnz=91889611"
42,tfidf_char__char_wb_3_6__linear_svm,tfidf_char,"char_wb n-grams=(3, 6)",char_wb_3_6,linear_svm,ok,91.97830096600228,0.0889164870022796,0.5553571428571429,0.5493506498080453,0.5738888888888889,0.8565277777777778,0.7846809806608802,"feature_seconds=86.26; train_shape=(226800, 250000); val_shape=(25200, 250000); train_nnz=91814298"
43,tfidf_char__char_wb_3_6__linear_svm,tfidf_char,"char_wb n-grams=(3, 6)",char_wb_3_6,linear_svm,ok,103.42139564899844,0.0850896329793613,0.5569444444444445,0.5508739415525676,0.5739285714285715,0.8565178571428571,0.7834391871946981,"feature_seconds=89.28; train_shape=(226800, 250000); val_shape=(25200, 250000); train_nnz=91927628"
44,bow__word_1_3__complement_nb,bow,"word n-grams=(1, 3)",word_1_3,complement_nb,ok,0.248436538997339,0.0222717199940234,0.5696031746031746,0.551888365677015,0.575595238095238,0.8561011904761905,0.7873383939696539,"feature_seconds=62.02; train_shape=(226800, 250000); val_shape=(25200, 250000); train_nnz=13030807"
42,bow__word_1_3__complement_nb,bow,"word n-grams=(1, 3)",word_1_3,complement_nb,ok,0.2418035400041844,0.0174022150167729,0.5684523809523809,0.550950847810098,0.5765476190476191,0.8558630952380952,0.7865922183188949,"feature_seconds=58.76; train_shape=(226800, 250000); val_shape=(25200, 250000); train_nnz=13026421"
43,tfidf_word__word_1_3__complement_nb,tfidf_word,"word n-grams=(1, 3)",word_1_3,complement_nb,ok,0.2047061060147825,0.0151829859823919,0.5648015873015872,0.5470096029800902,0.581468253968254,0.8546329365079365,0.7843043489811642,"feature_seconds=58.49; train_shape=(226800, 250000); val_shape=(25200, 250000); train_nnz=13039425"
43,bow__word_1_3__complement_nb,bow,"word n-grams=(1, 3)",word_1_3,complement_nb,ok,0.2049917110125534,0.0192047909949906,0.5621428571428572,0.543824108768434,0.5881746031746031,0.8529563492063492,0.7807291942809678,"feature_seconds=61.26; train_shape=(226800, 250000); val_shape=(25200, 250000); train_nnz=13039425"
42,bow__word_1_3__linear_svm,bow,"word n-grams=(1, 3)",word_1_3,linear_svm,ok,258.8947502730007,0.0221341440046671,0.515436507936508,0.5142849371686895,0.6422619047619048,0.8394345238095238,0.7416674042821034,"feature_seconds=58.76; train_shape=(226800, 250000); val_shape=(25200, 250000); train_nnz=13026421"
44,bow__word_1_3__linear_svm,bow,"word n-grams=(1, 3)",word_1_3,linear_svm,ok,292.10879963700427,0.0235879399988334,0.5144047619047619,0.5134288678145303,0.6451587301587302,0.8387103174603174,0.7396828523589087,"feature_seconds=62.02; train_shape=(226800, 250000); val_shape=(25200, 250000); train_nnz=13030807"
43,bow__word_1_3__linear_svm,bow,"word n-grams=(1, 3)",word_1_3,linear_svm,ok,265.4626438500127,0.0255366879864595,0.5121825396825397,0.5104493265016659,0.6517063492063492,0.8370734126984127,0.7358133607802775,"feature_seconds=61.26; train_shape=(226800, 250000); val_shape=(25200, 250000); train_nnz=13039425"
42,tfidf_char__char_wb_3_6__complement_nb,tfidf_char,"char_wb n-grams=(3, 6)",char_wb_3_6,complement_nb,ok,0.8534165720047895,0.0764173060015309,0.5350396825396826,0.5135873984889716,0.6652380952380952,0.8336904761904762,0.7347009554858064,"feature_seconds=86.26; train_shape=(226800, 250000); val_shape=(25200, 250000); train_nnz=91814298"
44,tfidf_char__char_wb_3_6__complement_nb,tfidf_char,"char_wb n-grams=(3, 6)",char_wb_3_6,complement_nb,ok,1.1601414500037208,0.1047172500111628,0.5360714285714285,0.5140093067100994,0.6668650793650793,0.8332837301587301,0.7331398119665526,"feature_seconds=95.39; train_shape=(226800, 250000); val_shape=(25200, 250000); train_nnz=91889611"
43,tfidf_char__char_wb_3_6__complement_nb,tfidf_char,"char_wb n-grams=(3, 6)",char_wb_3_6,complement_nb,ok,0.898438295989763,0.0803318550169933,0.5335714285714286,0.5117349326385338,0.6678571428571428,0.8330357142857143,0.7344664155136196,"feature_seconds=89.28; train_shape=(226800, 250000); val_shape=(25200, 250000); train_nnz=91927628"
42,fasttext__average__logreg,fasttext,fasttext average,average,logreg,ok,33.71357366902521,0.0522178309911396,0.4893253968253968,0.4844344026440479,0.7279761904761904,0.8180059523809524,0.6818847165749821,feature_seconds=98.75; vocab_cov=0.8222; token_cov=0.9846; loaded_vectors=96500
42,fasttext__mean_max__linear_svm,fasttext,fasttext mean_max,mean_max,linear_svm,ok,237.09750816400629,0.0750215529988054,0.5046428571428572,0.4895370550274021,0.7300793650793651,0.8174801587301588,0.686795853988283,feature_seconds=97.94; vocab_cov=0.8222; token_cov=0.9846; loaded_vectors=96500
43,fasttext__average__logreg,fasttext,fasttext average,average,logreg,ok,31.0961584780016,0.0287944870069623,0.4947222222222222,0.4878377086536176,0.7301984126984127,0.8174503968253968,0.6791956470309912,feature_seconds=99.33; vocab_cov=0.8216; token_cov=0.9847; loaded_vectors=96478
44,fasttext__mean_max__linear_svm,fasttext,fasttext mean_max,mean_max,linear_svm,ok,247.2671483019949,0.0758893629827071,0.5034920634920635,0.4884491257177693,0.7310714285714286,0.8172321428571429,0.6860691076383554,feature_seconds=102.00; vocab_cov=0.8222; token_cov=0.9847; loaded_vectors=96666
43,fasttext__mean_max__linear_svm,fasttext,fasttext mean_max,mean_max,linear_svm,ok,240.90514434699435,0.0811546680051833,0.5040079365079365,0.4887281882130846,0.7313492063492063,0.8171626984126984,0.68611902101431,feature_seconds=99.16; vocab_cov=0.8216; token_cov=0.9847; loaded_vectors=96478
44,fasttext__average__logreg,fasttext,fasttext average,average,logreg,ok,31.05574337698636,0.0796842460113111,0.4926984126984127,0.4857338221809195,0.7357539682539682,0.8160615079365079,0.6737728123426531,feature_seconds=97.72; vocab_cov=0.8222; token_cov=0.9847; loaded_vectors=96666
44,fasttext__mean_max__ridge_classifier,fasttext,fasttext mean_max,mean_max,ridge_classifier,ok,1.9473054359841624,0.0290844819974154,0.4965079365079365,0.4816181767868203,0.7515873015873016,0.8121031746031746,0.6717696603828149,feature_seconds=102.00; vocab_cov=0.8222; token_cov=0.9847; loaded_vectors=96666
43,fasttext__average__linear_svm,fasttext,fasttext average,average,linear_svm,ok,131.3598643130099,0.063749299995834,0.494047619047619,0.4778873326456363,0.7528571428571429,0.8117857142857143,0.6738202045576889,feature_seconds=99.33; vocab_cov=0.8216; token_cov=0.9847; loaded_vectors=96478
42,fasttext__average__linear_svm,fasttext,fasttext average,average,linear_svm,ok,127.70003270800224,0.1231197319866623,0.4939682539682539,0.4772328948046036,0.7536904761904762,0.811577380952381,0.6751580962262632,feature_seconds=98.75; vocab_cov=0.8222; token_cov=0.9846; loaded_vectors=96500
43,fasttext__mean_max__ridge_classifier,fasttext,fasttext mean_max,mean_max,ridge_classifier,ok,2.0431953180232085,0.0326570360048208,0.4957936507936508,0.4806003210506627,0.755,0.81125,0.6697621580684133,feature_seconds=99.16; vocab_cov=0.8216; token_cov=0.9847; loaded_vectors=96478
42,fasttext__mean_max__ridge_classifier,fasttext,fasttext mean_max,mean_max,ridge_classifier,ok,2.0249433340213727,0.0300674609898123,0.4959126984126984,0.4809760137470412,0.7558333333333334,0.8110416666666667,0.6678458303628636,feature_seconds=97.94; vocab_cov=0.8222; token_cov=0.9846; loaded_vectors=96500
44,fasttext__average__linear_svm,fasttext,fasttext average,average,linear_svm,ok,124.52624571401977,0.05866988300113,0.4907142857142857,0.474785185008381,0.7621428571428571,0.8094642857142857,0.66843201321317,feature_seconds=97.72; vocab_cov=0.8222; token_cov=0.9847; loaded_vectors=96666
42,fasttext__average__ridge_classifier,fasttext,fasttext average,average,ridge_classifier,ok,1.0055296850041486,0.0160102490044664,0.4882142857142857,0.4708861546722304,0.7666666666666667,0.8083333333333333,0.6668751451904005,feature_seconds=98.75; vocab_cov=0.8222; token_cov=0.9846; loaded_vectors=96500
43,fasttext__average__ridge_classifier,fasttext,fasttext average,average,ridge_classifier,ok,0.9220296860148663,0.0193706399877555,0.4887301587301587,0.4717688710881072,0.7674603174603175,0.8081349206349207,0.6651026182886207,feature_seconds=99.33; vocab_cov=0.8216; token_cov=0.9847; loaded_vectors=96478
42,fasttext__mean_max__logreg,fasttext,fasttext mean_max,mean_max,logreg,ok,54.47618700301973,0.1000889359856955,0.4773809523809524,0.4712947960171291,0.7746825396825396,0.806329365079365,0.6491091883295151,feature_seconds=97.94; vocab_cov=0.8222; token_cov=0.9846; loaded_vectors=96500
43,fasttext__mean_max__logreg,fasttext,fasttext mean_max,mean_max,logreg,ok,54.98890936901444,0.0966180079849436,0.4745238095238095,0.4688240114073151,0.7761507936507936,0.8059623015873016,0.6484921546478847,feature_seconds=99.16; vocab_cov=0.8216; token_cov=0.9847; loaded_vectors=96478
44,fasttext__average__ridge_classifier,fasttext,fasttext average,average,ridge_classifier,ok,0.8930474779917859,0.0150257310015149,0.4869047619047619,0.4701997108911772,0.7773412698412698,0.8056646825396825,0.6571845433632596,feature_seconds=97.72; vocab_cov=0.8222; token_cov=0.9847; loaded_vectors=96666
42,bow__word_1_3__ridge_classifier,bow,"word n-grams=(1, 3)",word_1_3,ridge_classifier,ok,1111.4154285900004,0.0252054209995549,0.4677380952380952,0.4654406751133935,0.7779761904761905,0.8055059523809524,0.6462147741350215,"feature_seconds=58.76; train_shape=(226800, 250000); val_shape=(25200, 250000); train_nnz=13026421"
44,fasttext__mean_max__logreg,fasttext,fasttext mean_max,mean_max,logreg,ok,54.26917608600343,0.0736580330121796,0.4784920634920634,0.4709830893963616,0.7786111111111111,0.8053472222222222,0.6471907581715293,feature_seconds=102.00; vocab_cov=0.8222; token_cov=0.9847; loaded_vectors=96666
44,bow__word_1_3__ridge_classifier,bow,"word n-grams=(1, 3)",word_1_3,ridge_classifier,ok,1126.1627489019884,0.022684855008265,0.4633333333333333,0.4615441737953231,0.7825,0.8043750000000001,0.6436970676065992,"feature_seconds=62.02; train_shape=(226800, 250000); val_shape=(25200, 250000); train_nnz=13030807"
43,bow__word_1_3__ridge_classifier,bow,"word n-grams=(1, 3)",word_1_3,ridge_classifier,ok,1112.1131823600151,0.0307452630077023,0.4656746031746032,0.4637076549653113,0.7847222222222222,0.8038194444444444,0.6418087051759713,"feature_seconds=61.26; train_shape=(226800, 250000); val_shape=(25200, 250000); train_nnz=13039425"
42,fasttext__tfidf_weighted__logreg,fasttext,fasttext tfidf_weighted,tfidf_weighted,logreg,ok,33.05011182100861,0.0619096150039695,0.4652777777777778,0.4592927862705637,0.7966666666666666,0.8008333333333333,0.6373940898838069,feature_seconds=107.06; vocab_cov=0.8222; token_cov=0.9846; loaded_vectors=96500
44,glove__average__logreg,glove,glove average,average,logreg,ok,30.961295304005034,0.053073764021974,0.4628571428571428,0.4564946152088693,0.7967460317460318,0.8008134920634921,0.6380233874009809,feature_seconds=48.20; vocab_cov=0.3327; token_cov=0.8535; loaded_vectors=39121
43,fasttext__tfidf_weighted__logreg,fasttext,fasttext tfidf_weighted,tfidf_weighted,logreg,ok,32.289870037988294,0.0616066670045256,0.4652380952380952,0.4591442211541466,0.7967857142857143,0.8008035714285714,0.6351471050450983,feature_seconds=102.79; vocab_cov=0.8216; token_cov=0.9847; loaded_vectors=96478
43,glove__average__logreg,glove,glove average,average,logreg,ok,30.53337498399196,0.0678247449977789,0.4603174603174603,0.4548836342358195,0.7978968253968254,0.8005257936507937,0.6365511668805552,feature_seconds=48.39; vocab_cov=0.3326; token_cov=0.8535; loaded_vectors=39050
43,glove__mean_max__linear_svm,glove,glove mean_max,mean_max,linear_svm,ok,346.76421158600715,0.1012993519834708,0.4724603174603174,0.4545324735583971,0.8018253968253968,0.7995436507936509,0.6472455748288461,feature_seconds=48.63; vocab_cov=0.3326; token_cov=0.8535; loaded_vectors=39050
44,fasttext__tfidf_weighted__logreg,fasttext,fasttext tfidf_weighted,tfidf_weighted,logreg,ok,31.59287971400772,0.0487923420150764,0.4661111111111111,0.4604486734154966,0.8022619047619047,0.7994345238095238,0.6301963954538969,feature_seconds=98.44; vocab_cov=0.8222; token_cov=0.9847; loaded_vectors=96666
44,glove__mean_max__linear_svm,glove,glove mean_max,mean_max,linear_svm,ok,342.477767526987,0.1171425299835391,0.4734523809523809,0.4556080843612517,0.8023809523809524,0.799404761904762,0.6464260438782732,feature_seconds=45.60; vocab_cov=0.3327; token_cov=0.8535; loaded_vectors=39121
42,glove__average__logreg,glove,glove average,average,logreg,ok,30.584500261989888,0.0475916189898271,0.4561507936507936,0.4494236508762688,0.8051587301587302,0.7987103174603174,0.6360238598610692,feature_seconds=45.25; vocab_cov=0.3329; token_cov=0.8537; loaded_vectors=39069
44,glove__average__linear_svm,glove,glove average,average,linear_svm,ok,214.31630175100872,0.059458977979375,0.4698015873015873,0.4499011957038911,0.8125,0.796875,0.6433854820170397,feature_seconds=48.20; vocab_cov=0.3327; token_cov=0.8535; loaded_vectors=39121
42,glove__mean_max__linear_svm,glove,glove mean_max,mean_max,linear_svm,ok,335.9781058100052,0.092648869002005,0.4672222222222222,0.4497195394021404,0.816468253968254,0.7958829365079365,0.6384138169747855,feature_seconds=41.72; vocab_cov=0.3329; token_cov=0.8537; loaded_vectors=39069
43,glove__average__linear_svm,glove,glove average,average,linear_svm,ok,223.43160179600815,0.0614477750204969,0.466547619047619,0.4465739432309084,0.8195634920634921,0.795109126984127,0.6390180038485533,feature_seconds=48.39; vocab_cov=0.3326; token_cov=0.8535; loaded_vectors=39050
42,glove__average__linear_svm,glove,glove average,average,linear_svm,ok,202.3212251100049,0.0465422440029215,0.4646428571428571,0.4443534347775955,0.8225396825396826,0.7943650793650794,0.6382414882414882,feature_seconds=45.25; vocab_cov=0.3329; token_cov=0.8537; loaded_vectors=39069
44,glove__average__ridge_classifier,glove,glove average,average,ridge_classifier,ok,1.007984480005689,0.0241591820085886,0.4667857142857143,0.4467398376143555,0.8253174603174603,0.7936706349206349,0.6339163897148854,feature_seconds=48.20; vocab_cov=0.3327; token_cov=0.8535; loaded_vectors=39121
44,glove__mean_max__ridge_classifier,glove,glove mean_max,mean_max,ridge_classifier,ok,1.9990736999898215,0.0359369850193616,0.4647619047619047,0.4473073252129135,0.8262301587301587,0.7934424603174604,0.6295662657010399,feature_seconds=45.60; vocab_cov=0.3327; token_cov=0.8535; loaded_vectors=39121
43,glove__mean_max__ridge_classifier,glove,glove mean_max,mean_max,ridge_classifier,ok,2.182498496986227,0.0295408579986542,0.4651984126984127,0.4484091483030754,0.8274603174603175,0.7931349206349206,0.6280727324434332,feature_seconds=48.63; vocab_cov=0.3326; token_cov=0.8535; loaded_vectors=39050
43,glove__average__ridge_classifier,glove,glove average,average,ridge_classifier,ok,0.9777031400008128,0.0206766920164227,0.4628571428571428,0.4424672067287508,0.8314285714285714,0.7921428571428571,0.6312309257375381,feature_seconds=48.39; vocab_cov=0.3326; token_cov=0.8535; loaded_vectors=39050
44,glove__mean_max__logreg,glove,glove mean_max,mean_max,logreg,ok,52.921961907995865,0.1134000460151583,0.4506349206349206,0.4429761674354272,0.8345634920634921,0.7913591269841269,0.6133123365484661,feature_seconds=45.60; vocab_cov=0.3327; token_cov=0.8535; loaded_vectors=39121
43,fasttext__tfidf_weighted__linear_svm,fasttext,fasttext tfidf_weighted,tfidf_weighted,linear_svm,ok,87.70264639199013,0.0501149700139649,0.4655555555555555,0.447396069748571,0.835,0.79125,0.6243110567636061,feature_seconds=102.79; vocab_cov=0.8216; token_cov=0.9847; loaded_vectors=96478
42,fasttext__tfidf_weighted__linear_svm,fasttext,fasttext tfidf_weighted,tfidf_weighted,linear_svm,ok,95.69789076398592,0.0513312240072991,0.4658333333333333,0.447652391381984,0.8357936507936508,0.7910515873015873,0.6226264842768409,feature_seconds=107.06; vocab_cov=0.8222; token_cov=0.9846; loaded_vectors=96500
42,glove__average__ridge_classifier,glove,glove average,average,ridge_classifier,ok,0.8720706999883987,0.0198438390216324,0.460515873015873,0.440089552212611,0.8374206349206349,0.7906448412698412,0.6278176744836996,feature_seconds=45.25; vocab_cov=0.3329; token_cov=0.8537; loaded_vectors=39069
42,glove__mean_max__logreg,glove,glove mean_max,mean_max,logreg,ok,52.58560531999683,0.1070255700033158,0.4455555555555555,0.4400994370092421,0.842579365079365,0.7893551587301587,0.6061642209241582,feature_seconds=41.72; vocab_cov=0.3329; token_cov=0.8537; loaded_vectors=39069
42,glove__mean_max__ridge_classifier,glove,glove mean_max,mean_max,ridge_classifier,ok,1.9803068750188688,0.0420948079845402,0.4593650793650793,0.4424121835234939,0.8426190476190476,0.7893452380952382,0.6191584633426916,feature_seconds=41.72; vocab_cov=0.3329; token_cov=0.8537; loaded_vectors=39069
42,fasttext__tfidf_weighted__ridge_classifier,fasttext,fasttext tfidf_weighted,tfidf_weighted,ridge_classifier,ok,0.8772447780065704,0.0186543330200947,0.4636904761904762,0.4447928269145856,0.8440079365079365,0.7889980158730159,0.6174298896406927,feature_seconds=107.06; vocab_cov=0.8222; token_cov=0.9846; loaded_vectors=96500
44,fasttext__tfidf_weighted__linear_svm,fasttext,fasttext tfidf_weighted,tfidf_weighted,linear_svm,ok,95.06695079099154,0.0890827050025109,0.461547619047619,0.4437734351553313,0.844484126984127,0.7888789682539683,0.618201830302062,feature_seconds=98.44; vocab_cov=0.8222; token_cov=0.9847; loaded_vectors=96666
43,glove__mean_max__logreg,glove,glove mean_max,mean_max,logreg,ok,53.71571622500778,0.1039510009868536,0.4466666666666666,0.4385420810820923,0.845,0.7887500000000001,0.6061228299421317,feature_seconds=48.63; vocab_cov=0.3326; token_cov=0.8535; loaded_vectors=39050
43,fasttext__tfidf_weighted__ridge_classifier,fasttext,fasttext tfidf_weighted,tfidf_weighted,ridge_classifier,ok,0.8492902909929398,0.0159083940088748,0.463531746031746,0.4449795417984974,0.8453968253968254,0.7886507936507936,0.6164633068081344,feature_seconds=102.79; vocab_cov=0.8216; token_cov=0.9847; loaded_vectors=96478
44,fasttext__tfidf_weighted__ridge_classifier,fasttext,fasttext tfidf_weighted,tfidf_weighted,ridge_classifier,ok,0.9726216389972252,0.0193176490138284,0.4596031746031746,0.4413485109433181,0.8532936507936508,0.7866765873015873,0.6113635357158673,feature_seconds=98.44; vocab_cov=0.8222; token_cov=0.9847; loaded_vectors=96666
42,glove__tfidf_weighted__logreg,glove,glove tfidf_weighted,tfidf_weighted,logreg,ok,31.55831588499132,0.0445381879981141,0.437579365079365,0.4307771419005394,0.8590873015873016,0.7852281746031746,0.5996439437468798,feature_seconds=44.59; vocab_cov=0.3329; token_cov=0.8537; loaded_vectors=39069
44,glove__tfidf_weighted__logreg,glove,glove tfidf_weighted,tfidf_weighted,logreg,ok,30.285919090994867,0.0517712849832605,0.4381746031746031,0.4318726771909333,0.8621428571428571,0.7844642857142857,0.5941525327692365,feature_seconds=46.04; vocab_cov=0.3327; token_cov=0.8535; loaded_vectors=39121
43,glove__tfidf_weighted__logreg,glove,glove tfidf_weighted,tfidf_weighted,logreg,ok,31.592326730984496,0.0687641809927299,0.4371428571428571,0.4300561652086084,0.8649206349206349,0.7837698412698413,0.5935828877005347,feature_seconds=50.95; vocab_cov=0.3326; token_cov=0.8535; loaded_vectors=39050
44,glove__tfidf_weighted__linear_svm,glove,glove tfidf_weighted,tfidf_weighted,linear_svm,ok,171.61668596600066,0.0523032979981508,0.4473412698412698,0.4267527261056109,0.8846825396825397,0.7788293650793651,0.5966548897436343,feature_seconds=46.04; vocab_cov=0.3327; token_cov=0.8535; loaded_vectors=39121
43,glove__tfidf_weighted__linear_svm,glove,glove tfidf_weighted,tfidf_weighted,linear_svm,ok,187.4046541250136,0.0527680779923684,0.4408333333333333,0.4196639583636834,0.8938888888888888,0.7765277777777778,0.5925493544283946,feature_seconds=50.95; vocab_cov=0.3326; token_cov=0.8535; loaded_vectors=39050
42,glove__tfidf_weighted__linear_svm,glove,glove tfidf_weighted,tfidf_weighted,linear_svm,ok,177.72857054899214,0.0441458130080718,0.4402380952380952,0.4188818154993053,0.8948015873015873,0.7762996031746032,0.5931756244939184,feature_seconds=44.59; vocab_cov=0.3329; token_cov=0.8537; loaded_vectors=39069
44,glove__tfidf_weighted__ridge_classifier,glove,glove tfidf_weighted,tfidf_weighted,ridge_classifier,ok,0.8702523040119559,0.0196760719991289,0.4453571428571428,0.4244426144380485,0.8948015873015873,0.7762996031746032,0.589006485669882,feature_seconds=46.04; vocab_cov=0.3327; token_cov=0.8535; loaded_vectors=39121
43,glove__tfidf_weighted__ridge_classifier,glove,glove tfidf_weighted,tfidf_weighted,ridge_classifier,ok,1.197789981000824,0.0158910620084498,0.436984126984127,0.4156015075458834,0.905515873015873,0.7736210317460317,0.5847713264889205,feature_seconds=50.95; vocab_cov=0.3326; token_cov=0.8535; loaded_vectors=39050
42,glove__tfidf_weighted__ridge_classifier,glove,glove tfidf_weighted,tfidf_weighted,ridge_classifier,ok,0.8949213699961547,0.0148126019921619,0.4356746031746031,0.4140477225185095,0.9071825396825396,0.7732043650793651,0.5860809039861833,feature_seconds=44.59; vocab_cov=0.3329; token_cov=0.8537; loaded_vectors=39069
42,majority__most_frequent,majority,constant,most_frequent,dummy_most_frequent,ok,0.0093434260052163,0.0002057039819192,0.2,0.0666666666666666,2.0,0.5,0.0,Always predicts the most frequent training label.
43,majority__most_frequent,majority,constant,most_frequent,dummy_most_frequent,ok,0.0086320099944714,0.0002979059936478,0.2,0.0666666666666666,2.0,0.5,0.0,Always predicts the most frequent training label.
44,majority__most_frequent,majority,constant,most_frequent,dummy_most_frequent,ok,0.0088641720067244,0.0002516260137781,0.2,0.0666666666666666,2.0,0.5,0.0,Always predicts the most frequent training label.
